Quarter,A,B,C,D,Total
Q1,84.33333333333333,71.0,43.666666666666664,35.666666666666664,704
Q2,63.333333333333336,56.666666666666664,27.333333333333332,27.666666666666668,525
Q3,73.0,53.0,40.333333333333336,26.0,577
Q4,76.33333333333333,55.333333333333336,37.333333333333336,32.0,603
